EMAIL,PHONE,STATUS,AGE_BAND
user0_3@email.com,000-000-0007,MEMBER,50
user1_3@email.com,001-001-00110,MEMBER,60
user2_1@email.com,002-002-0027,MEMBER,75
user3_1@email.com,003-003-00310,PLATINUM,45
user4_1@email.com,004-004-00410,GOLD,55
user5_1@email.com,005-005-0056,MEMBER,60
user6_1@email.com,006-006-0069,MEMBER,70
user7_1@email.com,007-007-0077,MEMBER,30
user8_2@email.com,008-008-0083,MEMBER,40
user9_1@email.com,009-009-0099,PLATINUM,65
user10_1@email.com,010-010-0108,MEMBER,65
user11_1@email.com,011-011-0118,MEMBER,30
user12_3@email.com,012-012-01210,MEMBER,60
user13_1@email.com,013-013-0139,MEMBER,40
user14_3@email.com,014-014-0148,MEMBER,50
user15_1@email.com,015-015-0152,SILVER,65
user16_1@email.com,016-016-0168,SILVER,50
user17_1@email.com,017-017-0173,PLATINUM,55
user18_2@email.com,018-018-0183,MEMBER,60
user19_2@email.com,019-019-0197,MEMBER,25
user20_3@email.com,020-020-0205,SILVER,55
user21_3@email.com,021-021-0211,SILVER,60
user22_3@email.com,022-022-0223,SILVER,65
user23_1@email.com,023-023-0232,PLATINUM,65
user24_2@email.com,024-024-0246,MEMBER,75
user25_2@email.com,025-025-0254,MEMBER,50
user26_2@email.com,026-026-0263,MEMBER,20
user27_1@email.com,027-027-0276,MEMBER,65
user28_1@email.com,028-028-0288,MEMBER,65
user29_2@email.com,029-029-0294,MEMBER,35
user30_1@email.com,030-030-0302,MEMBER,75
user31_1@email.com,031-031-0319,PLATINUM,65
user32_2@email.com,032-032-03210,MEMBER,30
user33_3@email.com,033-033-0337,MEMBER,20
user34_3@email.com,034-034-0341,MEMBER,50
user35_1@email.com,035-035-0352,SILVER,45
user36_2@email.com,036-036-03610,MEMBER,50
user37_2@email.com,037-037-0372,MEMBER,50
user38_3@email.com,038-038-0386,MEMBER,30
user39_2@email.com,039-039-0399,MEMBER,75
user40_1@email.com,040-040-04010,MEMBER,60
user41_2@email.com,041-041-0418,PLATINUM,60
user42_3@email.com,042-042-0424,PLATINUM,30
user43_1@email.com,043-043-0437,MEMBER,45
user44_1@email.com,044-044-0449,MEMBER,50
user45_3@email.com,045-045-0457,MEMBER,70
user46_3@email.com,046-046-04610,MEMBER,30
user47_1@email.com,047-047-0476,MEMBER,65
user48_1@email.com,048-048-0482,MEMBER,55
user49_3@email.com,049-049-0494,PLATINUM,45
user50_3@email.com,050-050-05010,SILVER,70
user51_3@email.com,051-051-0517,MEMBER,55
user52_1@email.com,052-052-0524,GOLD,60
user53_1@email.com,053-053-0539,MEMBER,65
user54_2@email.com,054-054-05410,MEMBER,45
user55_1@email.com,055-055-0552,MEMBER,75
user56_3@email.com,056-056-0568,SILVER,60
user57_2@email.com,057-057-0574,MEMBER,55
user58_1@email.com,058-058-0585,MEMBER,40
user59_1@email.com,059-059-0598,SILVER,40
user60_2@email.com,060-060-0609,PLATINUM,40
user61_3@email.com,061-061-0617,MEMBER,65
user62_1@email.com,062-062-0622,MEMBER,35
user63_2@email.com,063-063-0639,SILVER,35
user64_2@email.com,064-064-0647,MEMBER,35
user65_1@email.com,065-065-0657,MEMBER,35
user66_2@email.com,066-066-0662,MEMBER,30
user67_2@email.com,067-067-0672,PLATINUM,60
user68_2@email.com,068-068-0686,MEMBER,70
user69_2@email.com,069-069-0691,MEMBER,60
user70_1@email.com,070-070-0702,MEMBER,50
user71_2@email.com,071-071-07110,SILVER,35
user72_1@email.com,072-072-0726,SILVER,65
user73_3@email.com,073-073-0739,MEMBER,70
user74_1@email.com,074-074-0744,GOLD,30
user75_3@email.com,075-075-0756,MEMBER,70
user76_1@email.com,076-076-0769,SILVER,55
user77_1@email.com,077-077-0778,SILVER,55
user78_2@email.com,078-078-0784,GOLD,50
user79_2@email.com,079-079-0796,SILVER,30
user80_2@email.com,080-080-0809,MEMBER,55
user81_1@email.com,081-081-0817,GOLD,55
user82_2@email.com,082-082-0827,MEMBER,35
user83_2@email.com,083-083-0834,MEMBER,80
user84_1@email.com,084-084-0841,MEMBER,75
user85_1@email.com,085-085-0857,MEMBER,55
user86_3@email.com,086-086-0868,MEMBER,25
user87_2@email.com,087-087-08710,PLATINUM,25
user88_2@email.com,088-088-0886,MEMBER,40
user89_2@email.com,089-089-0899,MEMBER,45
user90_1@email.com,090-090-09010,MEMBER,45
user91_3@email.com,091-091-09110,MEMBER,65
user92_2@email.com,092-092-0922,SILVER,35
user93_3@email.com,093-093-0938,MEMBER,60
user94_3@email.com,094-094-09410,MEMBER,65
user95_1@email.com,095-095-09510,MEMBER,55
user96_2@email.com,096-096-0963,MEMBER,40
user97_3@email.com,097-097-0976,MEMBER,75
user98_1@email.com,098-098-0983,SILVER,35
user99_3@email.com,099-099-0998,MEMBER,55
user100_2@email.com,100-100-1005,SILVER,30
user101_2@email.com,101-101-1011,GOLD,60
user102_2@email.com,102-102-1029,MEMBER,65
user103_1@email.com,103-103-10310,MEMBER,70
user104_2@email.com,104-104-1048,PLATINUM,30
user105_1@email.com,105-105-1059,MEMBER,35
user106_3@email.com,106-106-10610,MEMBER,20
user107_2@email.com,107-107-1071,SILVER,35
user108_3@email.com,108-108-1082,SILVER,70
user109_1@email.com,109-109-1094,MEMBER,45
user110_1@email.com,110-110-1101,MEMBER,35
user111_2@email.com,111-111-1115,MEMBER,65
user112_2@email.com,112-112-1122,MEMBER,35
user113_3@email.com,113-113-1135,MEMBER,65
user114_2@email.com,114-114-1148,MEMBER,55
user115_3@email.com,115-115-1158,MEMBER,35
user116_1@email.com,116-116-1161,MEMBER,50
user117_2@email.com,117-117-1175,GOLD,70
user118_2@email.com,118-118-1183,SILVER,75
user119_3@email.com,119-119-1192,PLATINUM,40
user120_3@email.com,120-120-1201,MEMBER,60
user121_2@email.com,121-121-1212,SILVER,35
user122_2@email.com,122-122-1226,MEMBER,45
user123_1@email.com,123-123-1238,MEMBER,50
user124_2@email.com,124-124-1243,MEMBER,45
user125_2@email.com,125-125-1251,PLATINUM,30
user126_1@email.com,126-126-12610,MEMBER,45
user127_2@email.com,127-127-1275,MEMBER,30
user128_1@email.com,128-128-1286,PLATINUM,35
user129_3@email.com,129-129-1296,MEMBER,30
user130_3@email.com,130-130-1301,MEMBER,50
user131_2@email.com,131-131-1312,MEMBER,75
user132_3@email.com,132-132-1326,SILVER,45
user133_2@email.com,133-133-13310,PLATINUM,40
user134_2@email.com,134-134-1344,SILVER,30
user135_2@email.com,135-135-1354,MEMBER,40
user136_1@email.com,136-136-1369,SILVER,65
user137_3@email.com,137-137-13710,MEMBER,45
user138_3@email.com,138-138-1388,MEMBER,70
user139_3@email.com,139-139-13910,MEMBER,20
user140_2@email.com,140-140-14010,PLATINUM,40
user141_1@email.com,141-141-1418,GOLD,20
user142_3@email.com,142-142-1426,SILVER,50
user143_3@email.com,143-143-14310,SILVER,40
user144_1@email.com,144-144-1445,MEMBER,35
user145_3@email.com,145-145-1453,MEMBER,40
user146_2@email.com,146-146-1465,MEMBER,60
user147_1@email.com,147-147-1471,MEMBER,55
user148_3@email.com,148-148-14810,MEMBER,45
user149_2@email.com,149-149-1493,SILVER,70
user150_1@email.com,150-150-1506,MEMBER,50
user151_1@email.com,151-151-15110,MEMBER,50
user152_3@email.com,152-152-1526,MEMBER,55
user153_1@email.com,153-153-1533,MEMBER,35
user154_2@email.com,154-154-1545,MEMBER,30
user155_1@email.com,155-155-1556,MEMBER,50
user156_2@email.com,156-156-1569,SILVER,40
user157_3@email.com,157-157-1575,PLATINUM,30
user158_3@email.com,158-158-1582,MEMBER,35
user159_2@email.com,159-159-1598,MEMBER,50
user160_3@email.com,160-160-1605,MEMBER,25
user161_1@email.com,161-161-1617,MEMBER,50
user162_1@email.com,162-162-1629,SILVER,65
user163_1@email.com,163-163-1634,MEMBER,50
user164_2@email.com,164-164-1647,MEMBER,30
user165_2@email.com,165-165-1658,SILVER,35
user166_2@email.com,166-166-1662,MEMBER,65
user167_2@email.com,167-167-1677,MEMBER,55
user168_1@email.com,168-168-1682,MEMBER,65
user169_2@email.com,169-169-1691,SILVER,65
user170_3@email.com,170-170-1709,MEMBER,60
user171_3@email.com,171-171-1718,SILVER,65
user172_1@email.com,172-172-1722,MEMBER,30
user173_1@email.com,173-173-17310,MEMBER,40
user174_3@email.com,174-174-1744,SILVER,30
user175_2@email.com,175-175-17510,MEMBER,45
user176_2@email.com,176-176-1762,MEMBER,40
user177_2@email.com,177-177-1775,MEMBER,60
user178_2@email.com,178-178-1789,MEMBER,45
user179_1@email.com,179-179-1796,MEMBER,45
user180_3@email.com,180-180-1806,MEMBER,75
user181_3@email.com,181-181-1813,SILVER,45
user182_2@email.com,182-182-1825,PLATINUM,30
user183_1@email.com,183-183-1837,SILVER,50
user184_3@email.com,184-184-18410,GOLD,25
user185_1@email.com,185-185-18510,MEMBER,30
user186_1@email.com,186-186-1861,MEMBER,55
user187_2@email.com,187-187-1874,MEMBER,70
user188_2@email.com,188-188-1887,MEMBER,50
user189_1@email.com,189-189-18910,SILVER,60
user190_2@email.com,190-190-1902,MEMBER,65
user191_1@email.com,191-191-1917,SILVER,60
user192_2@email.com,192-192-1929,SILVER,35
user193_2@email.com,193-193-1935,PLATINUM,40
user194_3@email.com,194-194-1943,MEMBER,55
user195_2@email.com,195-195-19510,MEMBER,40
user196_3@email.com,196-196-1962,MEMBER,45
user197_2@email.com,197-197-1974,MEMBER,30
user198_1@email.com,198-198-1983,MEMBER,50
user199_2@email.com,199-199-1996,MEMBER,65
user200_2@email.com,200-200-2003,MEMBER,70
user201_3@email.com,201-201-2018,MEMBER,70
user202_2@email.com,202-202-2029,MEMBER,35
user203_1@email.com,203-203-2035,PLATINUM,65
user204_1@email.com,204-204-2049,MEMBER,45
user205_2@email.com,205-205-2051,PLATINUM,20
user206_1@email.com,206-206-2069,MEMBER,55
user207_2@email.com,207-207-2071,MEMBER,60
user208_2@email.com,208-208-2086,MEMBER,75
user209_1@email.com,209-209-20910,MEMBER,60
user210_1@email.com,210-210-2104,MEMBER,65
user211_3@email.com,211-211-2113,MEMBER,75
user212_2@email.com,212-212-2127,MEMBER,50
user213_2@email.com,213-213-2132,MEMBER,50
user214_3@email.com,214-214-2143,MEMBER,75
user215_3@email.com,215-215-2152,MEMBER,60
user216_3@email.com,216-216-2161,MEMBER,55
user217_1@email.com,217-217-2173,MEMBER,50
user218_1@email.com,218-218-2187,MEMBER,40
user219_3@email.com,219-219-21910,MEMBER,45
user220_3@email.com,220-220-2206,MEMBER,25
user221_1@email.com,221-221-2215,SILVER,55
user222_2@email.com,222-222-2227,MEMBER,40
user223_1@email.com,223-223-2236,MEMBER,65
user224_3@email.com,224-224-2243,SILVER,60
user225_2@email.com,225-225-2252,MEMBER,50
user226_3@email.com,226-226-22610,MEMBER,35
user227_1@email.com,227-227-2277,MEMBER,60
user228_2@email.com,228-228-2289,MEMBER,60
user229_1@email.com,229-229-2296,MEMBER,45
user230_1@email.com,230-230-2305,MEMBER,35
user231_1@email.com,231-231-2311,MEMBER,30
user232_3@email.com,232-232-2324,SILVER,60
user233_2@email.com,233-233-2333,MEMBER,45
user234_2@email.com,234-234-2347,MEMBER,70
user235_1@email.com,235-235-23510,SILVER,55
user236_3@email.com,236-236-2368,MEMBER,35
user237_3@email.com,237-237-2373,MEMBER,40
user238_3@email.com,238-238-2381,PLATINUM,75
user239_2@email.com,239-239-2391,MEMBER,30
user240_2@email.com,240-240-2401,MEMBER,45
user241_1@email.com,241-241-2416,MEMBER,50
user242_2@email.com,242-242-2427,MEMBER,75
user243_2@email.com,243-243-2435,MEMBER,75
user244_1@email.com,244-244-2441,MEMBER,30
user245_2@email.com,245-245-24510,MEMBER,50
user246_3@email.com,246-246-24610,GOLD,30
user247_3@email.com,247-247-2472,SILVER,75
user248_3@email.com,248-248-2488,SILVER,65
user249_1@email.com,249-249-2494,MEMBER,40
user250_2@email.com,250-250-2502,MEMBER,75
user251_2@email.com,251-251-2512,SILVER,35
user252_2@email.com,252-252-25210,MEMBER,60
user253_2@email.com,253-253-2534,MEMBER,30
user254_1@email.com,254-254-25410,MEMBER,65
user255_3@email.com,255-255-2551,PLATINUM,65
user256_2@email.com,256-256-2568,MEMBER,55
user257_2@email.com,257-257-2572,MEMBER,70
user258_3@email.com,258-258-2581,GOLD,75
user259_3@email.com,259-259-2593,MEMBER,45
user260_1@email.com,260-260-26010,PLATINUM,30
user261_3@email.com,261-261-2614,MEMBER,75
user262_1@email.com,262-262-26210,MEMBER,70
user263_2@email.com,263-263-2635,PLATINUM,60
user264_2@email.com,264-264-2641,MEMBER,25
user265_2@email.com,265-265-2658,MEMBER,45
user266_2@email.com,266-266-2661,MEMBER,40
user267_2@email.com,267-267-2677,MEMBER,75
user268_2@email.com,268-268-2687,MEMBER,60
user269_1@email.com,269-269-2696,MEMBER,40
user270_3@email.com,270-270-2704,MEMBER,70
user271_1@email.com,271-271-2711,MEMBER,50
user272_1@email.com,272-272-2723,MEMBER,40
user273_3@email.com,273-273-2737,SILVER,55
user274_2@email.com,274-274-2749,MEMBER,35
user275_3@email.com,275-275-2756,SILVER,20
user276_2@email.com,276-276-2763,MEMBER,50
user277_3@email.com,277-277-2776,MEMBER,35
user278_1@email.com,278-278-2783,MEMBER,30
user279_2@email.com,279-279-2796,MEMBER,60
user280_1@email.com,280-280-2809,MEMBER,60
user281_2@email.com,281-281-2819,MEMBER,75
user282_1@email.com,282-282-2826,MEMBER,25
user283_3@email.com,283-283-2835,MEMBER,50
user284_2@email.com,284-284-2849,MEMBER,30
user285_3@email.com,285-285-2854,GOLD,40
user286_3@email.com,286-286-2869,MEMBER,45
user287_2@email.com,287-287-2877,MEMBER,55
user288_2@email.com,288-288-2885,MEMBER,40
user289_3@email.com,289-289-2898,MEMBER,35
user290_1@email.com,290-290-29010,MEMBER,50
user291_1@email.com,291-291-2911,MEMBER,50
user292_2@email.com,292-292-29210,MEMBER,65
user293_1@email.com,293-293-2937,MEMBER,70
user294_2@email.com,294-294-2941,MEMBER,75
user295_2@email.com,295-295-2951,MEMBER,45
user296_1@email.com,296-296-2967,MEMBER,35
user297_1@email.com,297-297-2976,MEMBER,40
user298_2@email.com,298-298-2984,GOLD,40
user299_1@email.com,299-299-2993,MEMBER,55
user300_2@email.com,300-300-3005,GOLD,50
user301_1@email.com,301-301-30110,PLATINUM,45
user302_3@email.com,302-302-30210,MEMBER,35
user303_3@email.com,303-303-3032,MEMBER,70
user304_3@email.com,304-304-3046,SILVER,30
user305_1@email.com,305-305-3053,MEMBER,35
user306_3@email.com,306-306-3063,MEMBER,35
user307_2@email.com,307-307-3075,MEMBER,30
user308_2@email.com,308-308-3082,SILVER,30
user309_1@email.com,309-309-3096,PLATINUM,75
user310_2@email.com,310-310-3109,GOLD,40
user311_3@email.com,311-311-3117,SILVER,25
user312_3@email.com,312-312-3124,MEMBER,70
user313_2@email.com,313-313-3135,MEMBER,55
user314_1@email.com,314-314-3144,MEMBER,55
user315_2@email.com,315-315-3155,MEMBER,75
user316_3@email.com,316-316-3163,MEMBER,30
user317_3@email.com,317-317-3178,MEMBER,35
user318_3@email.com,318-318-31810,SILVER,25
user319_2@email.com,319-319-3198,MEMBER,55
user320_1@email.com,320-320-3203,MEMBER,35
user321_1@email.com,321-321-32110,SILVER,45
user322_1@email.com,322-322-3225,SILVER,60
user323_1@email.com,323-323-3237,MEMBER,70
user324_2@email.com,324-324-3242,MEMBER,65
user325_1@email.com,325-325-3259,GOLD,75
user326_1@email.com,326-326-3264,SILVER,75
user327_2@email.com,327-327-3279,SILVER,55
user328_2@email.com,328-328-3288,MEMBER,30
user329_3@email.com,329-329-3299,MEMBER,40
user330_3@email.com,330-330-3305,MEMBER,65
user331_3@email.com,331-331-3316,MEMBER,35
user332_2@email.com,332-332-3322,MEMBER,30
user333_1@email.com,333-333-3338,SILVER,40
user334_3@email.com,334-334-3341,SILVER,45
user335_2@email.com,335-335-3358,MEMBER,55
user336_2@email.com,336-336-3368,MEMBER,75
user337_3@email.com,337-337-3373,SILVER,75
user338_2@email.com,338-338-3384,MEMBER,55
user339_3@email.com,339-339-3395,SILVER,40
user340_3@email.com,340-340-3409,MEMBER,75
user341_3@email.com,341-341-3415,MEMBER,35
user342_2@email.com,342-342-3429,MEMBER,60
user343_1@email.com,343-343-3434,MEMBER,60
user344_2@email.com,344-344-3443,MEMBER,30
user345_3@email.com,345-345-3454,MEMBER,65
user346_3@email.com,346-346-3467,MEMBER,45
user347_2@email.com,347-347-3477,GOLD,65
user348_1@email.com,348-348-3487,MEMBER,50
user349_1@email.com,349-349-3492,SILVER,65
user350_3@email.com,350-350-3506,MEMBER,70
user351_1@email.com,351-351-3518,MEMBER,70
user352_2@email.com,352-352-3529,SILVER,45
user353_2@email.com,353-353-3539,GOLD,35
user354_3@email.com,354-354-3549,MEMBER,30
user355_2@email.com,355-355-3553,SILVER,55
user356_2@email.com,356-356-3569,MEMBER,55
user357_3@email.com,357-357-35710,SILVER,75
user358_3@email.com,358-358-35810,PLATINUM,30
user359_2@email.com,359-359-3595,MEMBER,65
user360_3@email.com,360-360-3605,MEMBER,55
user361_3@email.com,361-361-36110,MEMBER,30
user362_1@email.com,362-362-3625,MEMBER,75
user363_3@email.com,363-363-36310,MEMBER,35
user364_2@email.com,364-364-3645,MEMBER,60
user365_2@email.com,365-365-3655,MEMBER,65
user366_2@email.com,366-366-3666,SILVER,50
user367_2@email.com,367-367-36710,MEMBER,45
user368_1@email.com,368-368-3681,MEMBER,35
user369_1@email.com,369-369-3699,MEMBER,50
user370_3@email.com,370-370-3706,MEMBER,65
user371_1@email.com,371-371-3719,PLATINUM,35
user372_3@email.com,372-372-3727,MEMBER,30
user373_3@email.com,373-373-3739,MEMBER,30
user374_2@email.com,374-374-3747,SILVER,65
user375_2@email.com,375-375-3757,SILVER,65
user376_3@email.com,376-376-3769,PLATINUM,50
user377_1@email.com,377-377-3771,MEMBER,50
user378_2@email.com,378-378-3788,MEMBER,60
user379_2@email.com,379-379-37910,MEMBER,65
user380_3@email.com,380-380-3805,MEMBER,45
user381_2@email.com,381-381-3818,MEMBER,65
user382_2@email.com,382-382-3823,MEMBER,65
user383_3@email.com,383-383-3831,MEMBER,50
user384_3@email.com,384-384-3847,PLATINUM,35
user385_3@email.com,385-385-3854,PLATINUM,60
user386_2@email.com,386-386-3865,PLATINUM,75
user387_3@email.com,387-387-3876,MEMBER,70
user388_3@email.com,388-388-3888,MEMBER,80
user389_2@email.com,389-389-3895,MEMBER,45
user390_1@email.com,390-390-3908,MEMBER,75
user391_3@email.com,391-391-39110,MEMBER,75
user392_1@email.com,392-392-3929,MEMBER,60
user393_3@email.com,393-393-39310,GOLD,70
user394_1@email.com,394-394-3947,MEMBER,45
user395_2@email.com,395-395-3958,MEMBER,45
user396_1@email.com,396-396-39610,SILVER,65
user397_2@email.com,397-397-39710,SILVER,60
user398_1@email.com,398-398-3988,SILVER,70
user399_2@email.com,399-399-3992,MEMBER,30
user400_1@email.com,400-400-4003,MEMBER,45
user401_2@email.com,401-401-4019,SILVER,50
user402_3@email.com,402-402-4023,MEMBER,40
user403_2@email.com,403-403-4034,MEMBER,60
user404_1@email.com,404-404-4042,MEMBER,65
user405_3@email.com,405-405-40510,MEMBER,40
user406_3@email.com,406-406-4064,MEMBER,70
user407_3@email.com,407-407-4078,MEMBER,40
user408_2@email.com,408-408-4086,MEMBER,35
user409_3@email.com,409-409-4094,MEMBER,50
user410_2@email.com,410-410-4103,MEMBER,50
user411_2@email.com,411-411-4112,SILVER,70
user412_1@email.com,412-412-4129,MEMBER,70
user413_2@email.com,413-413-4139,MEMBER,75
user414_1@email.com,414-414-4147,MEMBER,50
user415_2@email.com,415-415-4158,MEMBER,35
user416_1@email.com,416-416-4166,MEMBER,75
user417_2@email.com,417-417-4177,MEMBER,70
user418_1@email.com,418-418-4187,MEMBER,50
user419_1@email.com,419-419-4196,MEMBER,60
user420_3@email.com,420-420-4204,MEMBER,30
user421_2@email.com,421-421-4216,SILVER,50
user422_2@email.com,422-422-4221,MEMBER,40
user423_1@email.com,423-423-4238,MEMBER,60
user424_3@email.com,424-424-4247,SILVER,55
user425_2@email.com,425-425-4251,MEMBER,85
user426_2@email.com,426-426-42610,MEMBER,30
user427_1@email.com,427-427-4278,PLATINUM,35
user428_3@email.com,428-428-4287,MEMBER,30
user429_2@email.com,429-429-4297,MEMBER,55
user430_3@email.com,430-430-4308,GOLD,30
user431_2@email.com,431-431-4314,MEMBER,40
user432_1@email.com,432-432-4327,MEMBER,20
user433_2@email.com,433-433-4336,MEMBER,35
user434_1@email.com,434-434-4346,PLATINUM,50
user435_3@email.com,435-435-4359,PLATINUM,75
user436_3@email.com,436-436-4367,MEMBER,50
user437_2@email.com,437-437-4373,MEMBER,70
user438_2@email.com,438-438-4389,PLATINUM,65
user439_3@email.com,439-439-4392,MEMBER,25
user440_1@email.com,440-440-44010,MEMBER,55
user441_1@email.com,441-441-4411,MEMBER,35
user442_2@email.com,442-442-44210,MEMBER,65
user443_3@email.com,443-443-4436,MEMBER,30
user444_2@email.com,444-444-4447,MEMBER,35
user445_2@email.com,445-445-4457,MEMBER,40
user446_1@email.com,446-446-4468,PLATINUM,70
user447_2@email.com,447-447-4479,MEMBER,70
user448_1@email.com,448-448-44810,MEMBER,50
user449_2@email.com,449-449-4495,PLATINUM,60
user450_3@email.com,450-450-4505,MEMBER,55
user451_1@email.com,451-451-4515,MEMBER,50
user452_3@email.com,452-452-4525,MEMBER,30
user453_2@email.com,453-453-4539,PLATINUM,75
user454_1@email.com,454-454-4549,MEMBER,60
user455_2@email.com,455-455-4551,MEMBER,70
user456_3@email.com,456-456-45610,MEMBER,50
user457_2@email.com,457-457-4571,MEMBER,45
user458_3@email.com,458-458-4582,MEMBER,80
user459_3@email.com,459-459-4594,SILVER,70
user460_1@email.com,460-460-4609,MEMBER,35
user461_2@email.com,461-461-46110,MEMBER,70
user462_3@email.com,462-462-46210,MEMBER,30
user463_1@email.com,463-463-4634,MEMBER,50
user464_1@email.com,464-464-4641,MEMBER,70
user465_2@email.com,465-465-46510,MEMBER,50
user466_1@email.com,466-466-4665,PLATINUM,55
user467_2@email.com,467-467-4672,MEMBER,60
user468_2@email.com,468-468-4682,MEMBER,40
user469_3@email.com,469-469-4695,MEMBER,30
user470_3@email.com,470-470-4709,PLATINUM,45
user471_3@email.com,471-471-4719,MEMBER,70
user472_1@email.com,472-472-4727,MEMBER,45
user473_2@email.com,473-473-4739,MEMBER,65
user474_2@email.com,474-474-4746,MEMBER,35
user475_1@email.com,475-475-4751,SILVER,75
user476_2@email.com,476-476-4767,MEMBER,55
user477_3@email.com,477-477-47710,PLATINUM,30
user478_1@email.com,478-478-4781,MEMBER,55
user479_2@email.com,479-479-47910,SILVER,30
user480_2@email.com,480-480-4806,MEMBER,55
user481_2@email.com,481-481-4812,MEMBER,80
user482_2@email.com,482-482-4829,SILVER,60
user483_1@email.com,483-483-4839,MEMBER,45
user484_2@email.com,484-484-4844,MEMBER,50
user485_3@email.com,485-485-4856,MEMBER,40
user486_2@email.com,486-486-4868,PLATINUM,60
user487_1@email.com,487-487-4872,SILVER,75
user488_2@email.com,488-488-4886,MEMBER,45
user489_3@email.com,489-489-4895,SILVER,55
user490_2@email.com,490-490-4901,PLATINUM,70
user491_2@email.com,491-491-49110,MEMBER,35
user492_3@email.com,492-492-4927,MEMBER,30
user493_1@email.com,493-493-4933,PLATINUM,55
user494_2@email.com,494-494-4947,MEMBER,35
user495_1@email.com,495-495-4959,PLATINUM,65
user496_1@email.com,496-496-4962,PLATINUM,35
user497_2@email.com,497-497-4979,MEMBER,70
user498_1@email.com,498-498-4982,SILVER,60
user499_3@email.com,499-499-4993,MEMBER,60
user500_3@email.com,500-500-5006,MEMBER,25
user501_3@email.com,501-501-5019,PLATINUM,30
user502_3@email.com,502-502-5022,MEMBER,50
user503_2@email.com,503-503-5035,PLATINUM,40
user504_1@email.com,504-504-5047,SILVER,65
user505_1@email.com,505-505-50510,MEMBER,30
user506_2@email.com,506-506-5065,SILVER,75
user507_3@email.com,507-507-5071,MEMBER,75
user508_2@email.com,508-508-5089,MEMBER,50
user509_2@email.com,509-509-5092,GOLD,35
user510_1@email.com,510-510-5103,MEMBER,30
user511_1@email.com,511-511-5111,PLATINUM,35
user512_3@email.com,512-512-51210,MEMBER,45
user513_1@email.com,513-513-5132,MEMBER,40
user514_2@email.com,514-514-51410,MEMBER,40
user515_2@email.com,515-515-5159,MEMBER,60
user516_3@email.com,516-516-51610,MEMBER,75
user517_2@email.com,517-517-51710,MEMBER,55
user518_1@email.com,518-518-5189,MEMBER,40
user519_3@email.com,519-519-5196,SILVER,30
user520_2@email.com,520-520-5205,MEMBER,70
user521_3@email.com,521-521-5219,MEMBER,75
user522_2@email.com,522-522-5221,SILVER,40
user523_1@email.com,523-523-5235,MEMBER,35
user524_1@email.com,524-524-5248,MEMBER,40
user525_1@email.com,525-525-5252,PLATINUM,75
user526_3@email.com,526-526-5263,MEMBER,70
user527_1@email.com,527-527-52710,MEMBER,65
user528_1@email.com,528-528-5281,PLATINUM,45
user529_2@email.com,529-529-5293,MEMBER,70
user530_3@email.com,530-530-5301,GOLD,40
user531_1@email.com,531-531-5312,MEMBER,50
user532_2@email.com,532-532-5326,MEMBER,75
user533_2@email.com,533-533-5336,MEMBER,55
user534_1@email.com,534-534-5345,MEMBER,50
user535_2@email.com,535-535-5356,SILVER,40
user536_3@email.com,536-536-5368,MEMBER,35
user537_1@email.com,537-537-5373,SILVER,65
user538_1@email.com,538-538-5389,MEMBER,40
user539_1@email.com,539-539-5391,MEMBER,35
user540_1@email.com,540-540-5409,MEMBER,20
user541_1@email.com,541-541-5411,GOLD,30
user542_2@email.com,542-542-5427,MEMBER,25
user543_1@email.com,543-543-5438,MEMBER,30
user544_3@email.com,544-544-5446,MEMBER,35
user545_1@email.com,545-545-5451,PLATINUM,35
user546_2@email.com,546-546-5469,MEMBER,60
user547_2@email.com,547-547-5475,GOLD,60
user548_1@email.com,548-548-5488,MEMBER,70
user549_2@email.com,549-549-5492,MEMBER,65
user550_1@email.com,550-550-5508,MEMBER,65
user551_3@email.com,551-551-5518,PLATINUM,35
user552_1@email.com,552-552-5526,MEMBER,35
user553_3@email.com,553-553-5534,PLATINUM,50
user554_2@email.com,554-554-5549,MEMBER,40
user555_1@email.com,555-555-5555,SILVER,50
user556_2@email.com,556-556-5566,MEMBER,50
user557_2@email.com,557-557-5579,SILVER,30
user558_3@email.com,558-558-5584,MEMBER,75
user559_3@email.com,559-559-5591,MEMBER,50
user560_3@email.com,560-560-56010,MEMBER,55
user561_2@email.com,561-561-5611,MEMBER,60
user562_2@email.com,562-562-5622,MEMBER,35
user563_3@email.com,563-563-5631,MEMBER,30
user564_2@email.com,564-564-5643,MEMBER,70
user565_3@email.com,565-565-5651,MEMBER,75
user566_2@email.com,566-566-5669,GOLD,30
user567_2@email.com,567-567-5675,MEMBER,55
user568_1@email.com,568-568-5683,MEMBER,45
user569_1@email.com,569-569-5696,SILVER,75
user570_3@email.com,570-570-5706,MEMBER,20
user571_1@email.com,571-571-5714,MEMBER,75
user572_3@email.com,572-572-5727,MEMBER,35
user573_2@email.com,573-573-5734,MEMBER,45
user574_2@email.com,574-574-5745,MEMBER,55
user575_3@email.com,575-575-5758,MEMBER,75
user576_2@email.com,576-576-5769,MEMBER,35
user577_2@email.com,577-577-5779,SILVER,65
user578_1@email.com,578-578-5789,MEMBER,55
user579_2@email.com,579-579-5796,MEMBER,65
user580_3@email.com,580-580-5806,PLATINUM,65
user581_3@email.com,581-581-5819,MEMBER,25
user582_2@email.com,582-582-5821,MEMBER,55
user583_1@email.com,583-583-5834,SILVER,80
user584_2@email.com,584-584-5842,SILVER,75
user585_2@email.com,585-585-5851,MEMBER,30
user586_2@email.com,586-586-5866,MEMBER,75
user587_3@email.com,587-587-5876,PLATINUM,45
user588_1@email.com,588-588-5886,MEMBER,35
user589_3@email.com,589-589-5899,MEMBER,70
user590_2@email.com,590-590-59010,MEMBER,70
user591_1@email.com,591-591-59110,MEMBER,40
user592_3@email.com,592-592-5929,MEMBER,70
user593_2@email.com,593-593-5936,MEMBER,70
user594_1@email.com,594-594-59410,SILVER,35
user595_2@email.com,595-595-5956,PLATINUM,85
user596_1@email.com,596-596-5965,SILVER,25
user597_2@email.com,597-597-59710,MEMBER,65
user598_2@email.com,598-598-5989,MEMBER,45
user599_2@email.com,599-599-59910,PLATINUM,40
user600_3@email.com,600-600-6006,SILVER,35
user601_2@email.com,601-601-6014,SILVER,60
user602_1@email.com,602-602-6027,MEMBER,70
user603_3@email.com,603-603-6036,MEMBER,65
user604_1@email.com,604-604-6046,PLATINUM,45
user605_1@email.com,605-605-6059,PLATINUM,50
user606_2@email.com,606-606-6065,MEMBER,35
user607_1@email.com,607-607-6075,MEMBER,45
user608_1@email.com,608-608-6086,MEMBER,30
user609_2@email.com,609-609-6099,MEMBER,35
user610_3@email.com,610-610-6107,MEMBER,45
user611_3@email.com,611-611-6117,SILVER,70
user612_1@email.com,612-612-6122,MEMBER,55
user613_2@email.com,613-613-6135,MEMBER,40
user614_1@email.com,614-614-6145,MEMBER,75
user615_2@email.com,615-615-6155,SILVER,65
user616_2@email.com,616-616-6168,MEMBER,40
user617_2@email.com,617-617-6176,MEMBER,55
user618_1@email.com,618-618-6184,PLATINUM,30
user619_1@email.com,619-619-6196,MEMBER,65
user620_2@email.com,620-620-6202,MEMBER,35
user621_2@email.com,621-621-6214,MEMBER,40
user622_3@email.com,622-622-6226,MEMBER,45
user623_2@email.com,623-623-6237,MEMBER,70
user624_1@email.com,624-624-6246,SILVER,55
user625_2@email.com,625-625-6252,MEMBER,30
user626_3@email.com,626-626-6264,MEMBER,40
user627_3@email.com,627-627-6275,MEMBER,30
user628_1@email.com,628-628-6288,MEMBER,35
user629_3@email.com,629-629-6299,MEMBER,30
user630_2@email.com,630-630-6303,MEMBER,60
user631_3@email.com,631-631-6318,PLATINUM,40
user632_3@email.com,632-632-6326,MEMBER,75
user633_2@email.com,633-633-6332,MEMBER,55
user634_3@email.com,634-634-6347,PLATINUM,30
user635_2@email.com,635-635-6351,SILVER,70
user636_3@email.com,636-636-6367,MEMBER,45
user637_1@email.com,637-637-6373,MEMBER,75
user638_1@email.com,638-638-6383,MEMBER,45
user639_3@email.com,639-639-6393,MEMBER,45
user640_3@email.com,640-640-6405,PLATINUM,45
user641_2@email.com,641-641-6418,MEMBER,85
user642_2@email.com,642-642-6426,MEMBER,75
user643_1@email.com,643-643-6433,MEMBER,45
user644_2@email.com,644-644-6441,MEMBER,40
user645_2@email.com,645-645-6455,MEMBER,60
user646_3@email.com,646-646-6466,MEMBER,40
user647_3@email.com,647-647-6475,MEMBER,35
user648_3@email.com,648-648-6488,MEMBER,45
user649_1@email.com,649-649-6493,PLATINUM,50
user650_2@email.com,650-650-6509,MEMBER,65
user651_2@email.com,651-651-6512,PLATINUM,20
user652_1@email.com,652-652-6529,SILVER,65
user653_2@email.com,653-653-6539,SILVER,65
user654_3@email.com,654-654-6546,MEMBER,45
user655_1@email.com,655-655-6552,SILVER,65
user656_3@email.com,656-656-6561,SILVER,35
user657_3@email.com,657-657-6573,GOLD,30
user658_1@email.com,658-658-6583,MEMBER,70
user659_2@email.com,659-659-6593,MEMBER,40
user660_1@email.com,660-660-6609,GOLD,20
user661_3@email.com,661-661-6618,MEMBER,65
user662_3@email.com,662-662-6621,MEMBER,30
user663_3@email.com,663-663-6639,MEMBER,70
user664_1@email.com,664-664-6644,MEMBER,55
user665_2@email.com,665-665-6658,MEMBER,75
user666_2@email.com,666-666-6668,SILVER,40
user667_3@email.com,667-667-6679,MEMBER,80
user668_1@email.com,668-668-6685,MEMBER,65
user669_2@email.com,669-669-66910,MEMBER,30
user670_1@email.com,670-670-6707,MEMBER,60
user671_2@email.com,671-671-6712,SILVER,45
user672_3@email.com,672-672-6726,MEMBER,60
user673_1@email.com,673-673-6738,SILVER,20
user674_1@email.com,674-674-6749,MEMBER,75
user675_3@email.com,675-675-6757,MEMBER,45
user676_3@email.com,676-676-67610,PLATINUM,45
user677_1@email.com,677-677-6771,MEMBER,60
user678_3@email.com,678-678-6788,PLATINUM,25
user679_1@email.com,679-679-6795,MEMBER,60
user680_3@email.com,680-680-6804,MEMBER,45
user681_1@email.com,681-681-6819,MEMBER,55
user682_3@email.com,682-682-68210,MEMBER,70
user683_2@email.com,683-683-6839,MEMBER,50
user684_3@email.com,684-684-6845,SILVER,45
user685_3@email.com,685-685-6851,MEMBER,50
user686_1@email.com,686-686-6865,MEMBER,55
user687_2@email.com,687-687-6871,MEMBER,55
user688_2@email.com,688-688-6888,MEMBER,40
user689_3@email.com,689-689-6897,MEMBER,75
user690_1@email.com,690-690-6901,PLATINUM,75
user691_3@email.com,691-691-6919,SILVER,30
user692_2@email.com,692-692-6924,MEMBER,60
user693_3@email.com,693-693-6934,MEMBER,55
user694_2@email.com,694-694-6949,MEMBER,45
user695_1@email.com,695-695-6958,MEMBER,30
user696_1@email.com,696-696-6967,MEMBER,45
user697_2@email.com,697-697-6971,MEMBER,45
user698_2@email.com,698-698-6985,SILVER,35
user699_1@email.com,699-699-6999,MEMBER,70
user700_3@email.com,700-700-7009,MEMBER,55
user701_2@email.com,701-701-7018,MEMBER,55
user702_3@email.com,702-702-7021,MEMBER,40
user703_1@email.com,703-703-70310,SILVER,65
user704_3@email.com,704-704-70410,MEMBER,70
user705_1@email.com,705-705-7059,MEMBER,35
user706_3@email.com,706-706-7067,MEMBER,70
user707_1@email.com,707-707-7079,MEMBER,45
user708_3@email.com,708-708-7083,MEMBER,30
user709_3@email.com,709-709-7095,MEMBER,65
user710_1@email.com,710-710-7107,MEMBER,60
user711_1@email.com,711-711-7116,MEMBER,70
user712_3@email.com,712-712-7124,GOLD,45
user713_2@email.com,713-713-7139,PLATINUM,60
user714_1@email.com,714-714-7141,MEMBER,75
user715_1@email.com,715-715-7152,SILVER,40
user716_3@email.com,716-716-7162,MEMBER,35
user717_1@email.com,717-717-7178,MEMBER,65
user718_3@email.com,718-718-7185,MEMBER,85
user719_3@email.com,719-719-7194,MEMBER,55
user720_3@email.com,720-720-7205,MEMBER,65
user721_1@email.com,721-721-7218,MEMBER,55
user722_2@email.com,722-722-7225,SILVER,65
user723_2@email.com,723-723-7237,GOLD,75
user724_1@email.com,724-724-7249,MEMBER,30
user725_3@email.com,725-725-7254,MEMBER,65
user726_2@email.com,726-726-7267,MEMBER,60
user727_2@email.com,727-727-7279,PLATINUM,75
user728_2@email.com,728-728-72810,MEMBER,70
user729_3@email.com,729-729-7296,MEMBER,30
user730_3@email.com,730-730-7306,MEMBER,30
user731_3@email.com,731-731-7315,SILVER,40
user732_3@email.com,732-732-7329,MEMBER,65
user733_1@email.com,733-733-7338,PLATINUM,25
user734_2@email.com,734-734-7346,MEMBER,45
user735_2@email.com,735-735-7355,MEMBER,70
user736_1@email.com,736-736-7367,SILVER,55
user737_2@email.com,737-737-7379,MEMBER,50
user738_2@email.com,738-738-7388,MEMBER,45
user739_2@email.com,739-739-7397,MEMBER,45
user740_1@email.com,740-740-7403,MEMBER,45
user741_2@email.com,741-741-7416,MEMBER,35
user742_3@email.com,742-742-7424,MEMBER,70
user743_3@email.com,743-743-7432,MEMBER,60
user744_2@email.com,744-744-7447,MEMBER,40
user745_3@email.com,745-745-7457,GOLD,40
user746_2@email.com,746-746-7461,GOLD,65
user747_3@email.com,747-747-7475,MEMBER,50
user748_3@email.com,748-748-7488,MEMBER,40
user749_3@email.com,749-749-7497,MEMBER,75
user750_2@email.com,750-750-7503,MEMBER,35
user751_2@email.com,751-751-7515,PLATINUM,50
user752_3@email.com,752-752-7528,MEMBER,30
user753_3@email.com,753-753-7531,MEMBER,60
user754_3@email.com,754-754-7545,SILVER,55
user755_2@email.com,755-755-7553,MEMBER,70
user756_1@email.com,756-756-7566,MEMBER,70
user757_3@email.com,757-757-7579,MEMBER,35
user758_1@email.com,758-758-7589,MEMBER,65
user759_1@email.com,759-759-7592,GOLD,30
user760_1@email.com,760-760-7602,MEMBER,30
user761_1@email.com,761-761-7619,SILVER,40
user762_2@email.com,762-762-7621,MEMBER,35
user763_2@email.com,763-763-7631,MEMBER,45
user764_1@email.com,764-764-7643,PLATINUM,40
user765_2@email.com,765-765-7653,MEMBER,65
user766_1@email.com,766-766-7664,GOLD,75
user767_2@email.com,767-767-7676,MEMBER,30
user768_1@email.com,768-768-76810,MEMBER,50
user769_2@email.com,769-769-7691,MEMBER,50
user770_1@email.com,770-770-77010,MEMBER,55
user771_3@email.com,771-771-7714,MEMBER,55
user772_1@email.com,772-772-77210,GOLD,50
user773_2@email.com,773-773-7736,SILVER,30
user774_2@email.com,774-774-7745,MEMBER,70
user775_1@email.com,775-775-7754,SILVER,35
user776_2@email.com,776-776-7761,PLATINUM,45
user777_3@email.com,777-777-0001,GOLD,70
user778_1@email.com,778-778-00110,GOLD,70
user779_2@email.com,779-779-0029,MEMBER,75
user780_2@email.com,780-780-0033,SILVER,50
user781_2@email.com,781-781-0043,MEMBER,60
user782_2@email.com,782-782-0059,MEMBER,60
user783_1@email.com,783-783-0064,MEMBER,70
user784_3@email.com,784-784-0079,PLATINUM,65
user785_3@email.com,785-785-0081,SILVER,35
user786_3@email.com,786-786-0099,MEMBER,75
user787_2@email.com,787-787-0106,MEMBER,50
user788_2@email.com,788-788-0117,GOLD,45
user789_2@email.com,789-789-0123,MEMBER,35
user790_1@email.com,790-790-0134,MEMBER,55
user791_1@email.com,791-791-0143,MEMBER,40
user792_1@email.com,792-792-0153,PLATINUM,30
user793_1@email.com,793-793-0162,MEMBER,70
user794_1@email.com,794-794-0172,MEMBER,60
user795_3@email.com,795-795-0186,MEMBER,60
user796_1@email.com,796-796-0194,MEMBER,40
user797_3@email.com,797-797-0201,SILVER,60
user798_3@email.com,798-798-0214,MEMBER,25
user799_3@email.com,799-799-0226,MEMBER,35
user800_2@email.com,800-800-0236,MEMBER,50
user801_3@email.com,801-801-0245,GOLD,65
user802_3@email.com,802-802-0259,MEMBER,35
user803_2@email.com,803-803-0268,MEMBER,35
user804_3@email.com,804-804-0274,MEMBER,35
user805_3@email.com,805-805-0289,PLATINUM,30
user806_2@email.com,806-806-0295,MEMBER,55
user807_1@email.com,807-807-0308,GOLD,65
user808_3@email.com,808-808-0318,MEMBER,50
user809_2@email.com,809-809-0322,PLATINUM,75
user810_1@email.com,810-810-03310,MEMBER,75
user811_1@email.com,811-811-0347,MEMBER,40
user812_2@email.com,812-812-0352,MEMBER,25
user813_2@email.com,813-813-0366,SILVER,55
user814_1@email.com,814-814-0379,MEMBER,45
user815_2@email.com,815-815-0389,MEMBER,30
user816_2@email.com,816-816-0395,MEMBER,70
user817_3@email.com,817-817-0408,MEMBER,60
user818_3@email.com,818-818-0414,GOLD,55
user819_1@email.com,819-819-0421,MEMBER,75
user820_1@email.com,820-820-0438,MEMBER,75
user821_1@email.com,821-821-0445,MEMBER,65
user822_2@email.com,822-822-0453,MEMBER,65
user823_2@email.com,823-823-0463,GOLD,45
user824_3@email.com,824-824-0476,PLATINUM,65
user825_3@email.com,825-825-0489,GOLD,55
user826_3@email.com,826-826-0496,MEMBER,30
user827_3@email.com,827-827-0502,MEMBER,40
user828_1@email.com,828-828-0511,MEMBER,50
user829_3@email.com,829-829-0528,MEMBER,20
user830_3@email.com,830-830-0532,MEMBER,55
user831_1@email.com,831-831-0549,GOLD,35
user832_1@email.com,832-832-0552,MEMBER,30
user833_1@email.com,833-833-0562,SILVER,30
user834_1@email.com,834-834-0576,MEMBER,55
user835_3@email.com,835-835-05810,MEMBER,35
user836_2@email.com,836-836-0598,SILVER,45
user837_1@email.com,837-837-0609,MEMBER,45
user838_1@email.com,838-838-0611,MEMBER,65
user839_1@email.com,839-839-0624,PLATINUM,55
user840_3@email.com,840-840-0632,MEMBER,35
user841_1@email.com,841-841-0647,PLATINUM,35
user842_1@email.com,842-842-06510,SILVER,55
user843_2@email.com,843-843-0667,GOLD,40
user844_2@email.com,844-844-06710,SILVER,40
user845_1@email.com,845-845-0685,MEMBER,40
user846_2@email.com,846-846-0695,MEMBER,35
user847_2@email.com,847-847-0704,MEMBER,65
user848_2@email.com,848-848-0715,MEMBER,60
user849_1@email.com,849-849-0722,MEMBER,30
user850_2@email.com,850-850-0733,MEMBER,50
user851_2@email.com,851-851-0745,PLATINUM,35
user852_1@email.com,852-852-0756,MEMBER,40
user853_3@email.com,853-853-07610,MEMBER,50
user854_3@email.com,854-854-0772,MEMBER,75
user855_1@email.com,855-855-0787,MEMBER,70
user856_2@email.com,856-856-0797,MEMBER,25
user857_1@email.com,857-857-0803,MEMBER,30
user858_1@email.com,858-858-0819,PLATINUM,25
user859_3@email.com,859-859-0824,MEMBER,60
user860_1@email.com,860-860-0835,MEMBER,55
user861_1@email.com,861-861-0842,PLATINUM,45
user862_2@email.com,862-862-0858,MEMBER,70
user863_3@email.com,863-863-0869,MEMBER,70
user864_2@email.com,864-864-08710,PLATINUM,55
user865_1@email.com,865-865-0889,MEMBER,25
user866_2@email.com,866-866-0895,MEMBER,65
user867_1@email.com,867-867-0905,MEMBER,60
user868_1@email.com,868-868-0915,MEMBER,30
user869_1@email.com,869-869-0929,MEMBER,60
user870_1@email.com,870-870-0936,MEMBER,40
user871_3@email.com,871-871-0942,MEMBER,55
user872_3@email.com,872-872-0955,SILVER,75
user873_3@email.com,873-873-0961,MEMBER,55
user874_2@email.com,874-874-0978,MEMBER,80
user875_2@email.com,875-875-0987,PLATINUM,75
user876_3@email.com,876-876-0993,MEMBER,30
user877_1@email.com,877-877-1002,MEMBER,25
user878_2@email.com,878-878-1011,PLATINUM,45
user879_3@email.com,879-879-1025,MEMBER,65
user880_1@email.com,880-880-1034,MEMBER,30
user881_2@email.com,881-881-1042,SILVER,65
user882_2@email.com,882-882-1058,MEMBER,65
user883_1@email.com,883-883-1066,MEMBER,35
user884_2@email.com,884-884-1073,SILVER,35
user885_1@email.com,885-885-1089,MEMBER,50
user886_3@email.com,886-886-1099,SILVER,50
user887_1@email.com,887-887-1105,MEMBER,70
user888_2@email.com,888-000-1111,MEMBER,50
user889_2@email.com,889-001-1128,MEMBER,35
user890_2@email.com,890-002-1137,MEMBER,40
user891_2@email.com,891-003-1144,SILVER,50
user892_2@email.com,892-004-1156,SILVER,35
user893_3@email.com,893-005-1165,PLATINUM,55
user894_1@email.com,894-006-1177,SILVER,55
user895_3@email.com,895-007-1181,MEMBER,55
user896_2@email.com,896-008-11910,MEMBER,65
user897_3@email.com,897-009-1209,MEMBER,60
user898_2@email.com,898-010-1218,PLATINUM,60
user899_3@email.com,899-011-1227,MEMBER,30
user900_2@email.com,900-012-1233,PLATINUM,30
user901_1@email.com,901-013-1241,PLATINUM,60
user902_2@email.com,902-014-1259,MEMBER,75
user903_1@email.com,903-015-1266,MEMBER,20
user904_2@email.com,904-016-1273,MEMBER,50
user905_1@email.com,905-017-1289,SILVER,50
user906_3@email.com,906-018-1292,GOLD,40
user907_2@email.com,907-019-1301,MEMBER,65
user908_1@email.com,908-020-1318,SILVER,45
user909_3@email.com,909-021-1324,SILVER,60
user910_3@email.com,910-022-1332,SILVER,35
user911_2@email.com,911-023-13410,MEMBER,55
user912_1@email.com,912-024-1357,MEMBER,65
user913_1@email.com,913-025-1361,MEMBER,30
user914_2@email.com,914-026-1376,MEMBER,35
user915_3@email.com,915-027-1388,MEMBER,60
user916_3@email.com,916-028-1392,MEMBER,35
user917_1@email.com,917-029-1406,MEMBER,50
user918_2@email.com,918-030-1417,MEMBER,40
user919_1@email.com,919-031-1427,MEMBER,65
user920_2@email.com,920-032-1435,MEMBER,65
user921_3@email.com,921-033-1444,MEMBER,60
user922_1@email.com,922-034-1454,SILVER,85
user923_2@email.com,923-035-1466,MEMBER,35
user924_1@email.com,924-036-1477,MEMBER,65
user925_1@email.com,925-037-1487,MEMBER,50
user926_3@email.com,926-038-14910,MEMBER,50
user927_3@email.com,927-039-1505,MEMBER,70
user928_2@email.com,928-040-1514,PLATINUM,30
user929_1@email.com,929-041-1526,MEMBER,70
user930_1@email.com,930-042-1531,MEMBER,20
user931_3@email.com,931-043-1546,MEMBER,40
user932_1@email.com,932-044-1557,MEMBER,55
user933_2@email.com,933-045-1567,MEMBER,70
user934_3@email.com,934-046-1579,MEMBER,40
user935_1@email.com,935-047-15810,PLATINUM,50
user936_2@email.com,936-048-1593,MEMBER,55
user937_2@email.com,937-049-1608,SILVER,75
user938_3@email.com,938-050-1611,SILVER,45
user939_2@email.com,939-051-16210,SILVER,65
user940_1@email.com,940-052-1634,MEMBER,30
user941_1@email.com,941-053-1647,MEMBER,35
user942_1@email.com,942-054-1651,MEMBER,65
user943_2@email.com,943-055-1669,PLATINUM,50
user944_1@email.com,944-056-1673,MEMBER,25
user945_1@email.com,945-057-1688,PLATINUM,70
user946_3@email.com,946-058-1691,PLATINUM,55
user947_2@email.com,947-059-1709,MEMBER,50
user948_1@email.com,948-060-1719,PLATINUM,65
user949_3@email.com,949-061-1722,MEMBER,45
user950_2@email.com,950-062-1736,MEMBER,55
user951_1@email.com,951-063-1747,MEMBER,40
user952_3@email.com,952-064-1753,MEMBER,65
user953_1@email.com,953-065-1768,MEMBER,20
user954_1@email.com,954-066-1777,PLATINUM,30
user955_2@email.com,955-067-1785,MEMBER,50
user956_1@email.com,956-068-1797,MEMBER,35
user957_3@email.com,957-069-1808,MEMBER,70
user958_1@email.com,958-070-1814,MEMBER,75
user959_2@email.com,959-071-1826,MEMBER,45
user960_1@email.com,960-072-1833,MEMBER,70
user961_1@email.com,961-073-1848,MEMBER,40
user962_2@email.com,962-074-1854,MEMBER,40
user963_2@email.com,963-075-1869,MEMBER,35
user964_2@email.com,964-076-1871,MEMBER,50
user965_3@email.com,965-077-1885,MEMBER,60
user966_1@email.com,966-078-1893,MEMBER,30
user967_1@email.com,967-079-1905,MEMBER,60
user968_2@email.com,968-080-1912,MEMBER,65
user969_2@email.com,969-081-1921,MEMBER,75
user970_2@email.com,970-082-1935,SILVER,85
user971_2@email.com,971-083-19410,MEMBER,60
user972_1@email.com,972-084-1958,GOLD,60
user973_2@email.com,973-085-1964,MEMBER,65
user974_3@email.com,974-086-1972,MEMBER,55
user975_3@email.com,975-087-1982,MEMBER,30
user976_3@email.com,976-088-1995,SILVER,75
user977_1@email.com,977-089-2007,GOLD,45
user978_2@email.com,978-090-2013,MEMBER,55
user979_2@email.com,979-091-2024,MEMBER,55
user980_1@email.com,980-092-2039,SILVER,50
user981_3@email.com,981-093-2043,SILVER,40
user982_3@email.com,982-094-2056,MEMBER,20
user983_3@email.com,983-095-2069,MEMBER,55
user984_2@email.com,984-096-2076,MEMBER,65
user985_3@email.com,985-097-20810,MEMBER,70
user986_1@email.com,986-098-2093,MEMBER,20
user987_3@email.com,987-099-2102,MEMBER,60
user988_3@email.com,988-100-2113,MEMBER,65
user989_1@email.com,989-101-21210,MEMBER,60
user990_1@email.com,990-102-2135,MEMBER,30
user991_2@email.com,991-103-2146,MEMBER,35
user992_3@email.com,992-104-21510,SILVER,70
user993_3@email.com,993-105-2163,SILVER,65
user994_2@email.com,994-106-2173,PLATINUM,30
user995_3@email.com,995-107-2188,MEMBER,45
user996_2@email.com,996-108-2199,SILVER,75
user997_1@email.com,997-109-2208,GOLD,35
user998_1@email.com,998-110-22110,MEMBER,65
user999_3@email.com,000-111-2229,PLATINUM,55
