EMAIL,CAMPAIGN,DEVICE_TYPE,EXP_DATE,SEC_VIEW,EXP_COST
user3_1@email.com,campaign_1,DISPLAY,2021-03-19,25,2.310000
user13_1@email.com,campaign_1,STREAMING,2021-03-04,35,0.060000
user17_1@email.com,campaign_1,STREAMING,2021-03-11,39,0.030000
user21_3@email.com,campaign_1,STREAMING,2021-04-02,15,2.500000
user24_2@email.com,campaign_3,MOBILE,2021-04-08,34,2.750000
user28_1@email.com,campaign_2,STREAMING,2021-05-30,46,2.090000
user29_2@email.com,campaign_3,STREAMING,2021-05-04,41,1.580000
user31_1@email.com,campaign_2,DISPLAY,2021-04-18,14,2.080000
user34_3@email.com,campaign_2,STREAMING,2021-04-13,31,2.130000
user41_2@email.com,campaign_1,LINEAR,2021-05-27,3,2.130000
user43_1@email.com,campaign_2,STREAMING,2021-04-11,31,1.920000
user46_3@email.com,campaign_1,STREAMING,2021-04-08,41,0.050000
user52_1@email.com,campaign_3,STREAMING,2021-05-09,35,0.900000
user53_1@email.com,campaign_3,STREAMING,2021-04-30,47,1.400000
user60_2@email.com,campaign_2,STREAMING,2021-04-26,4,0.090000
user66_2@email.com,campaign_2,STREAMING,2021-03-29,54,2.830000
user69_2@email.com,campaign_1,LINEAR,2021-05-09,4,1.230000
user70_1@email.com,campaign_1,STREAMING,2021-04-26,11,1.800000
user75_3@email.com,campaign_3,STREAMING,2021-05-23,3,0.720000
user78_2@email.com,campaign_3,MOBILE,2021-05-25,57,2.530000
user80_2@email.com,campaign_1,STREAMING,2021-05-17,35,1.660000
user96_2@email.com,campaign_3,STREAMING,2021-05-26,54,1.230000
user98_1@email.com,campaign_1,STREAMING,2021-03-05,45,0.270000
user108_3@email.com,campaign_3,STREAMING,2021-05-08,24,1.420000
user110_1@email.com,campaign_1,STREAMING,2021-03-16,14,1.690000
user114_2@email.com,campaign_3,MOBILE,2021-04-02,43,0.030000
user117_2@email.com,campaign_1,STREAMING,2021-03-28,53,1.180000
user120_3@email.com,campaign_1,STREAMING,2021-03-15,58,2.870000
user122_2@email.com,campaign_2,STREAMING,2021-05-15,38,0.330000
user123_1@email.com,campaign_2,STREAMING,2021-05-25,1,1.660000
user124_2@email.com,campaign_1,STREAMING,2021-04-15,10,1.560000
user125_2@email.com,campaign_1,MOBILE,2021-03-12,19,2.190000
user129_3@email.com,campaign_2,STREAMING,2021-05-05,42,0.280000
user130_3@email.com,campaign_1,STREAMING,2021-03-14,60,2.280000
user137_3@email.com,campaign_1,STREAMING,2021-03-06,9,0.740000
user139_3@email.com,campaign_1,MOBILE,2021-04-26,10,1.200000
user142_3@email.com,campaign_2,DISPLAY,2021-05-27,53,1.240000
user143_3@email.com,campaign_1,STREAMING,2021-04-13,29,2.240000
user147_1@email.com,campaign_1,STREAMING,2021-03-05,30,2.100000
user150_1@email.com,campaign_1,STREAMING,2021-03-09,17,0.280000
user152_3@email.com,campaign_3,LINEAR,2021-04-24,54,0.520000
user157_3@email.com,campaign_3,STREAMING,2021-05-01,8,1.060000
user163_1@email.com,campaign_1,MOBILE,2021-03-10,4,0.990000
user166_2@email.com,campaign_2,STREAMING,2021-03-22,43,1.770000
user167_2@email.com,campaign_3,STREAMING,2021-03-02,46,1.050000
user169_2@email.com,campaign_1,STREAMING,2021-03-11,7,0.590000
user178_2@email.com,campaign_3,STREAMING,2021-03-08,35,0.960000
user182_2@email.com,campaign_2,STREAMING,2021-03-04,8,2.680000
user184_3@email.com,campaign_3,STREAMING,2021-05-05,43,0.690000
user187_2@email.com,campaign_1,STREAMING,2021-05-25,51,0.520000
user199_2@email.com,campaign_3,MOBILE,2021-04-24,3,0.930000
user200_2@email.com,campaign_1,STREAMING,2021-03-04,53,1.330000
user203_1@email.com,campaign_3,STREAMING,2021-05-15,2,0.630000
user208_2@email.com,campaign_1,STREAMING,2021-04-16,2,0.050000
user226_3@email.com,campaign_3,STREAMING,2021-05-08,10,1.870000
user227_1@email.com,campaign_3,MOBILE,2021-05-18,14,2.710000
user228_2@email.com,campaign_2,STREAMING,2021-04-18,60,2.070000
user235_1@email.com,campaign_1,DISPLAY,2021-03-11,7,1.410000
user242_2@email.com,campaign_1,STREAMING,2021-04-03,24,1.720000
user256_2@email.com,campaign_1,STREAMING,2021-03-23,31,1.980000
user257_2@email.com,campaign_2,STREAMING,2021-05-24,1,0.310000
user261_3@email.com,campaign_2,DISPLAY,2021-05-20,33,1.490000
user262_1@email.com,campaign_2,LINEAR,2021-05-11,7,0.440000
user267_2@email.com,campaign_2,STREAMING,2021-04-20,9,1.570000
user268_2@email.com,campaign_1,STREAMING,2021-04-21,45,0.470000
user269_1@email.com,campaign_3,STREAMING,2021-04-03,18,0.670000
user270_3@email.com,campaign_3,STREAMING,2021-05-28,41,2.530000
user275_3@email.com,campaign_2,STREAMING,2021-03-17,51,2.280000
user282_1@email.com,campaign_3,STREAMING,2021-04-10,47,0.200000
user286_3@email.com,campaign_3,DISPLAY,2021-04-17,25,0.340000
user289_3@email.com,campaign_1,STREAMING,2021-04-26,44,0.290000
user301_1@email.com,campaign_2,STREAMING,2021-04-21,4,0.540000
user302_3@email.com,campaign_1,STREAMING,2021-05-25,25,0.440000
user303_3@email.com,campaign_1,STREAMING,2021-04-22,24,0.830000
user310_2@email.com,campaign_2,STREAMING,2021-03-27,54,0.520000
user311_3@email.com,campaign_1,STREAMING,2021-03-15,31,1.010000
user313_2@email.com,campaign_1,STREAMING,2021-03-02,10,0.950000
user314_1@email.com,campaign_1,MOBILE,2021-04-23,2,2.970000
user316_3@email.com,campaign_3,DISPLAY,2021-03-27,11,0.300000
user319_2@email.com,campaign_1,LINEAR,2021-04-16,43,2.540000
user331_3@email.com,campaign_1,STREAMING,2021-05-10,6,1.660000
user337_3@email.com,campaign_1,STREAMING,2021-04-07,37,1.590000
user347_2@email.com,campaign_1,MOBILE,2021-05-17,18,1.170000
user359_2@email.com,campaign_3,STREAMING,2021-05-06,6,2.220000
user366_2@email.com,campaign_3,STREAMING,2021-05-01,45,2.900000
user368_1@email.com,campaign_2,STREAMING,2021-04-27,57,1.550000
user382_2@email.com,campaign_3,MOBILE,2021-03-02,53,1.650000
user400_1@email.com,campaign_2,STREAMING,2021-03-26,21,0.780000
user407_3@email.com,campaign_1,STREAMING,2021-04-04,21,0.960000
user409_3@email.com,campaign_2,STREAMING,2021-03-22,53,2.250000
user423_1@email.com,campaign_1,STREAMING,2021-05-25,36,0.880000
user424_3@email.com,campaign_1,STREAMING,2021-05-20,56,0.320000
user425_2@email.com,campaign_3,STREAMING,2021-03-10,45,2.450000
user427_1@email.com,campaign_3,STREAMING,2021-05-08,54,2.640000
user429_2@email.com,campaign_3,STREAMING,2021-04-18,57,0.320000
user437_2@email.com,campaign_3,STREAMING,2021-04-28,34,2.850000
user441_1@email.com,campaign_1,STREAMING,2021-03-02,35,2.610000
user449_2@email.com,campaign_1,STREAMING,2021-05-17,57,0.080000
user450_3@email.com,campaign_1,STREAMING,2021-05-23,15,1.300000
user451_1@email.com,campaign_1,STREAMING,2021-04-30,58,2.250000
user453_2@email.com,campaign_2,STREAMING,2021-04-13,36,1.930000
user459_3@email.com,campaign_2,MOBILE,2021-05-11,29,0.610000
user463_1@email.com,campaign_3,STREAMING,2021-04-18,24,2.660000
user467_2@email.com,campaign_1,STREAMING,2021-03-10,2,2.300000
user472_1@email.com,campaign_3,STREAMING,2021-03-18,52,0.220000
user475_1@email.com,campaign_1,STREAMING,2021-05-04,8,0.490000
user486_2@email.com,campaign_1,STREAMING,2021-05-07,5,1.240000
user491_2@email.com,campaign_2,STREAMING,2021-05-20,42,0.400000
user493_1@email.com,campaign_1,MOBILE,2021-05-04,55,2.500000
user497_2@email.com,campaign_3,MOBILE,2021-03-14,36,0.050000
user499_3@email.com,campaign_1,STREAMING,2021-04-24,15,2.310000
user508_2@email.com,campaign_3,STREAMING,2021-03-07,19,1.810000
user511_1@email.com,campaign_3,STREAMING,2021-03-18,27,1.030000
user512_3@email.com,campaign_2,STREAMING,2021-05-14,23,1.290000
user520_2@email.com,campaign_1,STREAMING,2021-05-21,1,2.550000
user522_2@email.com,campaign_2,STREAMING,2021-04-13,53,1.780000
user532_2@email.com,campaign_1,STREAMING,2021-04-27,57,0.520000
user549_2@email.com,campaign_1,STREAMING,2021-04-05,52,1.790000
user552_1@email.com,campaign_1,STREAMING,2021-04-26,46,0.190000
user553_3@email.com,campaign_3,LINEAR,2021-04-06,40,0.340000
user559_3@email.com,campaign_2,STREAMING,2021-05-27,49,1.260000
user564_2@email.com,campaign_2,STREAMING,2021-03-08,15,1.400000
user571_1@email.com,campaign_1,STREAMING,2021-04-07,21,2.430000
user574_2@email.com,campaign_3,STREAMING,2021-03-29,28,0.720000
user581_3@email.com,campaign_3,STREAMING,2021-05-01,42,1.510000
user585_2@email.com,campaign_2,LINEAR,2021-05-10,36,2.110000
user590_2@email.com,campaign_1,STREAMING,2021-03-21,34,2.890000
user593_2@email.com,campaign_1,STREAMING,2021-04-04,52,1.320000
user603_3@email.com,campaign_1,STREAMING,2021-04-07,53,0.340000
user607_1@email.com,campaign_3,DISPLAY,2021-03-23,38,1.610000
user615_2@email.com,campaign_1,STREAMING,2021-05-29,39,1.120000
user617_2@email.com,campaign_2,STREAMING,2021-03-04,20,2.660000
user619_1@email.com,campaign_2,STREAMING,2021-03-25,40,2.310000
user623_2@email.com,campaign_3,STREAMING,2021-05-22,54,2.850000
user645_2@email.com,campaign_3,STREAMING,2021-04-01,46,0.420000
user652_1@email.com,campaign_1,STREAMING,2021-03-30,7,1.630000
user659_2@email.com,campaign_3,STREAMING,2021-05-19,25,1.940000
user663_3@email.com,campaign_3,MOBILE,2021-04-08,19,0.360000
user667_3@email.com,campaign_1,STREAMING,2021-04-25,19,1.270000
user673_1@email.com,campaign_2,MOBILE,2021-04-21,33,0.500000
user674_1@email.com,campaign_3,DISPLAY,2021-05-29,53,1.310000
user681_1@email.com,campaign_1,STREAMING,2021-04-12,37,2.070000
user682_3@email.com,campaign_3,MOBILE,2021-05-08,56,0.190000
user685_3@email.com,campaign_1,DISPLAY,2021-04-27,7,2.170000
user689_3@email.com,campaign_1,STREAMING,2021-04-20,38,0.020000
user695_1@email.com,campaign_3,MOBILE,2021-04-13,59,1.520000
user702_3@email.com,campaign_2,MOBILE,2021-04-17,26,1.570000
user703_1@email.com,campaign_2,STREAMING,2021-04-21,43,1.480000
user709_3@email.com,campaign_3,STREAMING,2021-04-23,28,1.500000
user711_1@email.com,campaign_3,LINEAR,2021-05-27,23,0.210000
user712_3@email.com,campaign_2,STREAMING,2021-05-16,6,1.350000
user713_2@email.com,campaign_2,MOBILE,2021-03-30,25,2.350000
user716_3@email.com,campaign_3,MOBILE,2021-05-26,9,0.010000
user720_3@email.com,campaign_3,DISPLAY,2021-05-05,37,1.430000
user726_2@email.com,campaign_1,STREAMING,2021-05-16,48,1.940000
user728_2@email.com,campaign_1,STREAMING,2021-04-01,32,2.860000
user734_2@email.com,campaign_2,STREAMING,2021-05-11,19,2.820000
user737_2@email.com,campaign_1,MOBILE,2021-05-27,53,2.010000
user740_1@email.com,campaign_3,STREAMING,2021-03-13,6,2.980000
user745_3@email.com,campaign_3,STREAMING,2021-05-25,34,0.130000
user746_2@email.com,campaign_3,MOBILE,2021-04-21,2,0.770000
user750_2@email.com,campaign_1,STREAMING,2021-04-19,34,2.540000
user756_1@email.com,campaign_2,STREAMING,2021-05-30,14,2.900000
user757_3@email.com,campaign_2,STREAMING,2021-03-21,51,2.470000
user758_1@email.com,campaign_3,DISPLAY,2021-04-19,4,2.530000
user766_1@email.com,campaign_3,DISPLAY,2021-03-26,38,0.310000
user767_2@email.com,campaign_2,STREAMING,2021-04-10,14,2.530000
user777_3@email.com,campaign_1,STREAMING,2021-05-09,38,2.580000
user781_2@email.com,campaign_1,STREAMING,2021-05-21,39,0.690000
user784_3@email.com,campaign_2,STREAMING,2021-04-29,52,2.310000
user786_3@email.com,campaign_3,STREAMING,2021-05-06,32,1.630000
user792_1@email.com,campaign_2,STREAMING,2021-05-13,20,1.700000
user796_1@email.com,campaign_1,DISPLAY,2021-03-08,48,0.940000
user797_3@email.com,campaign_2,STREAMING,2021-04-25,49,0.270000
user798_3@email.com,campaign_2,DISPLAY,2021-04-25,39,0.480000
user807_1@email.com,campaign_2,STREAMING,2021-05-25,38,1.900000
user810_1@email.com,campaign_1,DISPLAY,2021-04-21,17,1.740000
user814_1@email.com,campaign_2,STREAMING,2021-03-29,10,0.540000
user816_2@email.com,campaign_3,DISPLAY,2021-03-05,32,0.210000
user820_1@email.com,campaign_2,STREAMING,2021-03-04,57,0.470000
user821_1@email.com,campaign_3,STREAMING,2021-03-14,9,0.750000
user828_1@email.com,campaign_2,STREAMING,2021-04-24,52,0.540000
user829_3@email.com,campaign_2,STREAMING,2021-03-30,32,1.990000
user840_3@email.com,campaign_1,STREAMING,2021-04-01,59,0.190000
user845_1@email.com,campaign_1,MOBILE,2021-05-02,34,0.870000
user846_2@email.com,campaign_1,STREAMING,2021-04-11,35,0.790000
user849_1@email.com,campaign_1,MOBILE,2021-03-03,58,1.400000
user852_1@email.com,campaign_3,STREAMING,2021-04-08,23,0.540000
user856_2@email.com,campaign_3,STREAMING,2021-04-02,34,2.230000
user863_3@email.com,campaign_1,MOBILE,2021-04-08,42,2.320000
user864_2@email.com,campaign_1,STREAMING,2021-03-22,10,2.180000
user865_1@email.com,campaign_2,STREAMING,2021-03-11,4,0.960000
user867_1@email.com,campaign_2,MOBILE,2021-04-20,47,0.270000
user871_3@email.com,campaign_2,STREAMING,2021-03-13,42,2.820000
user873_3@email.com,campaign_3,STREAMING,2021-05-09,38,2.950000
user880_1@email.com,campaign_2,STREAMING,2021-05-03,3,1.420000
user881_2@email.com,campaign_2,DISPLAY,2021-04-12,14,2.430000
user888_2@email.com,campaign_3,STREAMING,2021-05-15,8,0.820000
user910_3@email.com,campaign_1,STREAMING,2021-04-30,38,0.620000
user912_1@email.com,campaign_2,STREAMING,2021-05-15,37,0.580000
user914_2@email.com,campaign_1,STREAMING,2021-03-12,32,2.450000
user915_3@email.com,campaign_3,DISPLAY,2021-04-12,34,2.570000
user918_2@email.com,campaign_1,STREAMING,2021-03-05,53,0.700000
user926_3@email.com,campaign_1,STREAMING,2021-04-13,40,2.440000
user927_3@email.com,campaign_3,STREAMING,2021-05-26,57,1.280000
user928_2@email.com,campaign_1,STREAMING,2021-05-13,43,2.610000
user930_1@email.com,campaign_1,MOBILE,2021-05-07,48,2.230000
user932_1@email.com,campaign_1,MOBILE,2021-04-22,34,2.810000
user934_3@email.com,campaign_3,STREAMING,2021-03-05,3,0.850000
user942_1@email.com,campaign_3,STREAMING,2021-04-30,34,1.810000
user945_1@email.com,campaign_3,MOBILE,2021-04-08,25,0.080000
user951_1@email.com,campaign_3,MOBILE,2021-03-17,9,0.890000
user969_2@email.com,campaign_2,DISPLAY,2021-04-21,33,2.390000
user973_2@email.com,campaign_3,DISPLAY,2021-05-12,28,1.200000
user975_3@email.com,campaign_2,STREAMING,2021-03-04,1,1.650000
user976_3@email.com,campaign_2,STREAMING,2021-04-27,33,1.750000
user981_3@email.com,campaign_3,MOBILE,2021-03-13,26,2.230000
user992_3@email.com,campaign_2,STREAMING,2021-03-25,53,2.780000
user998_1@email.com,campaign_2,MOBILE,2021-05-22,32,0.140000
